-- MySQL dump 10.13  Distrib 5.5.62, for debian-linux-gnu (x86_64)
--
-- Host: localhost    Database: mstock
-- ------------------------------------------------------
-- Server version	5.5.62-0ubuntu0.14.04.1

/*!40101 SET @OLD_CHARACTER_SET_CLIENT=@@CHARACTER_SET_CLIENT */;
/*!40101 SET @OLD_CHARACTER_SET_RESULTS=@@CHARACTER_SET_RESULTS */;
/*!40101 SET @OLD_COLLATION_CONNECTION=@@COLLATION_CONNECTION */;
/*!40101 SET NAMES utf8 */;
/*!40103 SET @OLD_TIME_ZONE=@@TIME_ZONE */;
/*!40103 SET TIME_ZONE='+00:00' */;
/*!40014 SET @OLD_UNIQUE_CHECKS=@@UNIQUE_CHECKS, UNIQUE_CHECKS=0 */;
/*!40014 SET @OLD_FOREIGN_KEY_CHECKS=@@FOREIGN_KEY_CHECKS, FOREIGN_KEY_CHECKS=0 */;
/*!40101 SET @OLD_SQL_MODE=@@SQL_MODE, SQL_MODE='NO_AUTO_VALUE_ON_ZERO' */;
/*!40111 SET @OLD_SQL_NOTES=@@SQL_NOTES, SQL_NOTES=0 */;

--
-- Table structure for table `licences`
--

DROP TABLE IF EXISTS `licences`;
/*!40101 SET @saved_cs_client     = @@character_set_client */;
/*!40101 SET character_set_client = utf8 */;
CREATE TABLE `licences` (
  `id` int(11) NOT NULL AUTO_INCREMENT,
  `key` varchar(256) NOT NULL,
  `expiry` datetime DEFAULT NULL,
  `created_by` int(11) DEFAULT NULL,
  `created_at` datetime DEFAULT NULL,
  `updated_by` int(11) DEFAULT NULL,
  `updated_at` timestamp NOT NULL DEFAULT CURRENT_TIMESTAMP ON UPDATE CURRENT_TIMESTAMP,
  PRIMARY KEY (`id`)
) ENGINE=InnoDB AUTO_INCREMENT=6 DEFAULT CHARSET=latin1;
/*!40101 SET character_set_client = @saved_cs_client */;

--
-- Dumping data for table `licences`
--

LOCK TABLES `licences` WRITE;
/*!40000 ALTER TABLE `licences` DISABLE KEYS */;
INSERT INTO `licences` VALUES (5,'A3CBCE9FD5FC9EB1BE409E1208D82BB9','2019-12-28 12:30:38',1,'2019-12-28 12:29:48',NULL,'2019-12-28 06:29:48');
/*!40000 ALTER TABLE `licences` ENABLE KEYS */;
UNLOCK TABLES;

--
-- Table structure for table `privs`
--

DROP TABLE IF EXISTS `privs`;
/*!40101 SET @saved_cs_client     = @@character_set_client */;
/*!40101 SET character_set_client = utf8 */;
CREATE TABLE `privs` (
  `id` int(11) NOT NULL AUTO_INCREMENT,
  `name` varchar(64) NOT NULL,
  `desc` varchar(256) DEFAULT NULL,
  `shop_id` int(11) NOT NULL,
  `created_by` int(11) NOT NULL,
  `created_at` datetime DEFAULT NULL,
  `updated_by` int(11) NOT NULL,
  `updated_at` timestamp NOT NULL DEFAULT CURRENT_TIMESTAMP ON UPDATE CURRENT_TIMESTAMP,
  PRIMARY KEY (`id`)
) ENGINE=InnoDB AUTO_INCREMENT=5 DEFAULT CHARSET=latin1;
/*!40101 SET character_set_client = @saved_cs_client */;

--
-- Dumping data for table `privs`
--

LOCK TABLES `privs` WRITE;
/*!40000 ALTER TABLE `privs` DISABLE KEYS */;
INSERT INTO `privs` VALUES (1,'admin','Add/update and delete users',1,1,'2019-12-08 10:44:14',1,'2019-12-08 04:44:14'),(2,'manager','Add/update and delete users',1,1,'2019-12-08 10:44:14',1,'2019-12-08 04:44:14'),(3,'supervisor','Add/update and delete items',1,1,'2019-12-08 10:44:14',1,'2019-12-08 04:44:14'),(4,'counter','Add/update stock',1,1,'2019-12-08 10:44:14',1,'2019-12-08 04:44:14');
/*!40000 ALTER TABLE `privs` ENABLE KEYS */;
UNLOCK TABLES;

--
-- Table structure for table `roles`
--

DROP TABLE IF EXISTS `roles`;
/*!40101 SET @saved_cs_client     = @@character_set_client */;
/*!40101 SET character_set_client = utf8 */;
CREATE TABLE `roles` (
  `id` int(11) NOT NULL AUTO_INCREMENT,
  `name` varchar(64) NOT NULL,
  `desc` varchar(256) DEFAULT NULL,
  `shop_id` int(11) NOT NULL,
  `created_by` int(11) NOT NULL,
  `created_at` datetime DEFAULT NULL,
  `updated_by` int(11) NOT NULL,
  `updated_at` timestamp NOT NULL DEFAULT CURRENT_TIMESTAMP ON UPDATE CURRENT_TIMESTAMP,
  PRIMARY KEY (`id`)
) ENGINE=InnoDB AUTO_INCREMENT=5 DEFAULT CHARSET=latin1;
/*!40101 SET character_set_client = @saved_cs_client */;

--
-- Dumping data for table `roles`
--

LOCK TABLES `roles` WRITE;
/*!40000 ALTER TABLE `roles` DISABLE KEYS */;
INSERT INTO `roles` VALUES (1,'admin','Add/update and delete users',1,1,'2019-12-08 10:45:03',1,'2019-12-08 04:45:03'),(2,'manager','Add/update and delete users',1,1,'2019-12-08 10:45:03',1,'2019-12-08 04:45:03'),(3,'supervisor','Add/update and delete items',1,1,'2019-12-08 10:45:03',1,'2019-12-08 04:45:03'),(4,'counter','Add/update stock',1,1,'2019-12-08 10:45:03',1,'2019-12-08 04:45:03');
/*!40000 ALTER TABLE `roles` ENABLE KEYS */;
UNLOCK TABLES;

--
-- Table structure for table `shops`
--

DROP TABLE IF EXISTS `shops`;
/*!40101 SET @saved_cs_client     = @@character_set_client */;
/*!40101 SET character_set_client = utf8 */;
CREATE TABLE `shops` (
  `id` int(11) NOT NULL AUTO_INCREMENT,
  `name` varchar(64) NOT NULL,
  `location` varchar(64) DEFAULT NULL,
  `phone` varchar(20) DEFAULT NULL,
  `email` varchar(64) DEFAULT NULL,
  `kra_pin` varchar(64) DEFAULT NULL,
  `db` varchar(64) DEFAULT NULL,
  `created_by` int(11) DEFAULT NULL,
  `created_at` datetime DEFAULT NULL,
  `updated_by` int(11) DEFAULT NULL,
  `updated_at` timestamp NOT NULL DEFAULT CURRENT_TIMESTAMP ON UPDATE CURRENT_TIMESTAMP,
  PRIMARY KEY (`id`)
) ENGINE=InnoDB AUTO_INCREMENT=38 DEFAULT CHARSET=latin1;
/*!40101 SET character_set_client = @saved_cs_client */;

--
-- Dumping data for table `shops`
--

LOCK TABLES `shops` WRITE;
/*!40000 ALTER TABLE `shops` DISABLE KEYS */;
INSERT INTO `shops` VALUES (1,'BR','PIPELINE','0723111920','BLACKROCKPUB@GMAIL.COM',NULL,'mstock_br_pipeline_2019_12_27',1,'2019-12-08 10:36:26',1,'2019-12-27 06:16:59'),(11,'DEMO','NAIROBI',NULL,NULL,NULL,'mstock_br_pipeline_2019_12_27',NULL,NULL,NULL,'2020-01-10 09:27:15'),(12,'SHOOTERS','UTAWALA',NULL,NULL,NULL,'mstock_shooters_utawala_2019_12_28',NULL,NULL,NULL,'2019-12-28 12:04:34'),(19,'GAZEBO LOUNGE','UTAWALA',NULL,NULL,NULL,'mstock_gazebo_lounge_utawala_19',NULL,NULL,NULL,'2020-01-06 05:15:22'),(21,'G_SCAPE','KISII',NULL,NULL,NULL,'mstock_g_scape_kisii_0',NULL,NULL,NULL,'2020-01-07 06:34:28'),(22,'SYINIX PUB','PIPELINE CORRIDOR',NULL,NULL,NULL,'mstock_syinix_pub_pipeline_corridor_0',NULL,NULL,NULL,'2020-01-07 18:44:01'),(23,'TISH TISH','TISH TISH',NULL,NULL,NULL,'mstock_tish_tish_tish_tish_0',NULL,NULL,NULL,'2020-01-07 22:43:37'),(24,'BENJOZ','SAIKA',NULL,NULL,NULL,'mstock_benjoz_saika_0',NULL,NULL,NULL,'2020-01-08 18:16:55'),(25,'IGARE','IGARE',NULL,NULL,NULL,'mstock_igare_igare_0',NULL,NULL,NULL,'2020-01-08 18:51:39'),(26,'MUTHANGARI BAR','WARUKU',NULL,NULL,NULL,'mstock_muthangari_bar_waruku_0',NULL,NULL,NULL,'2020-01-10 11:55:31'),(27,'MORNING 1','NAIROBI CBD',NULL,NULL,NULL,'mstock_morning_1_nairobi_cbd_0',NULL,NULL,NULL,'2020-01-20 14:40:18'),(28,'CECILE WINES','PIPELINE',NULL,NULL,NULL,'mstock_cecile_wines_pipeline_28',NULL,NULL,NULL,'2020-01-21 15:31:54'),(29,'KINGA','JADY',NULL,NULL,NULL,'mstock_kinga_jady_0',NULL,NULL,NULL,'2020-01-22 05:20:10'),(30,'SS','SS',NULL,NULL,NULL,'mstock_ss_ss',NULL,NULL,NULL,'2020-01-22 05:25:21'),(31,'VB','PIPELINE',NULL,NULL,NULL,'mstock_vb_pipeline',NULL,NULL,NULL,'2020-03-06 18:44:30'),(32,'ABDI WINES','NAIROBI',NULL,NULL,NULL,'mstock_abdi_wines_nairobi',NULL,NULL,NULL,'2020-03-09 17:57:21'),(33,'LIQUID CASH','TRANSAMI',NULL,NULL,NULL,'mstock_liquid_cash_transami',NULL,NULL,NULL,'2020-03-21 11:32:50'),(34,'ENOCK DIGITAL SOLUTIONS','MADONNA HOUSE',NULL,NULL,NULL,'mstock_enock_digital_solutions_madonna_house',NULL,NULL,NULL,'2020-04-05 11:12:49'),(35,'REDD CARPETT','TELAVIV',NULL,NULL,NULL,'mstock_redd_carpett_telaviv',NULL,NULL,NULL,'2020-04-30 13:37:15'),(36,'MYBIZ WINES','KAHAWA WEST',NULL,NULL,NULL,'mstock_mybiz_wines_kahawa_west',NULL,NULL,NULL,'2020-05-01 19:12:30'),(37,'BR PORK','PIPELINE',NULL,NULL,NULL,'mstock_br_pork_pipeline',NULL,NULL,NULL,'2020-06-26 20:29:51');
/*!40000 ALTER TABLE `shops` ENABLE KEYS */;
UNLOCK TABLES;

--
-- Table structure for table `users`
--

DROP TABLE IF EXISTS `users`;
/*!40101 SET @saved_cs_client     = @@character_set_client */;
/*!40101 SET character_set_client = utf8 */;
CREATE TABLE `users` (
  `id` int(11) NOT NULL AUTO_INCREMENT,
  `phone` varchar(20) NOT NULL,
  `email` varchar(64) DEFAULT NULL,
  `name` varchar(64) NOT NULL,
  `pass` varchar(256) DEFAULT NULL,
  `shop_id` int(11) NOT NULL,
  `privs_id` int(11) NOT NULL,
  `role_id` int(11) NOT NULL,
  `created_by` int(11) DEFAULT NULL,
  `created_at` datetime DEFAULT NULL,
  `updated_by` int(11) DEFAULT NULL,
  `updated_at` timestamp NOT NULL DEFAULT CURRENT_TIMESTAMP ON UPDATE CURRENT_TIMESTAMP,
  PRIMARY KEY (`id`)
) ENGINE=InnoDB AUTO_INCREMENT=47 DEFAULT CHARSET=latin1;
/*!40101 SET character_set_client = @saved_cs_client */;

--
-- Dumping data for table `users`
--

LOCK TABLES `users` WRITE;
/*!40000 ALTER TABLE `users` DISABLE KEYS */;
INSERT INTO `users` VALUES (1,'0723111921',NULL,'DENNIS','8d969eef6ecad3c29a3a629280e686cf0c3f5d5a86aff3ca12020c923adc6c92',1,1,1,1,'2019-12-08 10:39:06',1,'2020-01-18 10:30:24'),(2,'0702988240',NULL,'KIMSON','3c0012cc82e815ba3f371bd73b55172fc4b71ea91840b8665ac5debe4aeea711',1,1,1,1,NULL,1,'2019-12-27 06:13:51'),(3,'0719378486',NULL,'ABDUL','8e9b669109df89620b94f2387dc53206a82ddc71d658f8f7a2b3a9b417370d3e',1,4,4,1,NULL,1,'2019-12-27 06:13:52'),(4,'0712606500',NULL,'MAJEED','08c0b9d3af4de23fab252e5683cf961252b37f5c720e274cd456b4bdb8525dc6',1,4,4,1,NULL,1,'2019-12-27 06:13:53'),(14,'0101711920',NULL,'DENNIS','cf80cd8aed482d5d1527d7dc72fceff84e6326592848447d2dc0b0e87dfc9a90',11,1,1,NULL,NULL,NULL,'2019-12-28 15:11:03'),(15,'0726205584',NULL,'FAITH','1509a3200e8b8fee859648135549b47ac9706e9c86a6fcd200066d781f0b684d',12,1,1,NULL,NULL,NULL,'2019-12-28 12:04:34'),(22,'0728895589',NULL,'GERALD','a8fef8901e58d757584d3dddc77e445359de533632dbd2fbb267812cae6cb57f',19,1,1,NULL,NULL,NULL,'2019-12-29 15:49:59'),(23,'0712929203',NULL,'STEVE','fac6496c9dfc08318558550fd57f77ab091c64458fcb6b69d19bbedb66ba4c04',20,1,1,NULL,NULL,NULL,'2020-01-06 05:06:28'),(24,'0722627602',NULL,'JOASH NCHORE','d3c2871e81e528b3a2e1705fcb66197e1c580c61b77a554d998a12c677c3d133',21,1,1,NULL,NULL,NULL,'2020-01-07 06:34:28'),(25,'0707338845',NULL,'EVANS MUNASE','7de25656de2fdb7d7b5d79b160cdecf0714022f040be3acc59df9994af75891d',22,1,1,NULL,NULL,NULL,'2020-01-07 18:44:01'),(26,'0713873963',NULL,'MUTINDA','776b0527e34b4d2fca74b429668104f2c75f4971e9f31a0a3cf360941ef67b91',23,1,1,NULL,NULL,NULL,'2020-01-07 22:43:37'),(27,'0725327231',NULL,'BENSON MUKOKO','208fc96dbc3e3b30a614caa50bd85f5426dfe430fc7cdf1b04a0f6a21ac65a05',24,1,1,NULL,NULL,NULL,'2020-01-08 18:16:55'),(28,'0758812181',NULL,'JOASH ONGNDO','d3c2871e81e528b3a2e1705fcb66197e1c580c61b77a554d998a12c677c3d133',25,1,1,NULL,NULL,NULL,'2020-01-08 18:51:39'),(29,'0739757150',NULL,'GACHIE','18a70f829d6154eb12736bb6499f0722c004502027babe46567d2ebf19fdbb1f',26,1,1,NULL,NULL,NULL,'2020-01-10 11:55:31'),(30,'0722335127',NULL,'MWITI','de3d43caad2bd3c4f0622fc60deecd06b34a0f25a80e30b81fe051a3c54799bb',27,1,1,NULL,NULL,NULL,'2020-01-20 14:40:18'),(31,'0720794307',NULL,'CECILE','03ac674216f3e15c761ee1a5e255f067953623c8b388b4459e13f978d7c846f4',28,1,1,NULL,NULL,NULL,'2020-01-21 12:59:10'),(32,'0711',NULL,'JOHN','03ac674216f3e15c761ee1a5e255f067953623c8b388b4459e13f978d7c846f4',29,1,1,NULL,NULL,NULL,'2020-01-22 05:20:10'),(33,'0712',NULL,'SU','c0d7c54022345b39c9be73e19b30ccb040ba03b1fefb2566a9f510a09aba4796',30,1,1,NULL,NULL,NULL,'2020-01-22 05:25:21'),(34,'0717822416',NULL,'BOB KINGI','f14899058f9cd7af2ff967ed5d3a321d2d7ad5aff470b842258a5e40cc511cb5',31,1,1,NULL,NULL,NULL,'2020-03-06 18:44:30'),(35,'0746492211',NULL,'ABDIAZIZ','0c41063970545e3b8fb1915c092504ff1b4adfe790f1f9b1ac1cd86bfc852684',32,1,1,NULL,NULL,NULL,'2020-03-09 17:57:21'),(36,'0701813326',NULL,'ALEX','e61f62a2b3e81dfcbdd23554a0913dd7e031155786fe55a796c72aea293cc101',33,1,1,NULL,NULL,NULL,'2020-03-21 11:32:50'),(37,'0720176002',NULL,'ENOCK GITONGA','59338937bed8aaa3af5fd4a015ebcba1aae8138dd70909e286c43f4af725d88f',34,1,1,NULL,NULL,NULL,'2020-04-05 11:12:49'),(38,'0725798856',NULL,'EMMANUEL','d37354daed9ebedca55a6c45b3067cca0a040b6637d48b1af9aba96db832ebb9',35,1,1,NULL,NULL,NULL,'2020-04-30 13:37:15'),(39,'0708305054',NULL,'EASTHER','506e7b73b3db0027b25e23d8f195e75a280a786760cd3f46714987eedc965652',35,1,1,NULL,NULL,NULL,'2020-06-17 08:47:34'),(40,'0708382889',NULL,'EVA','2f89009fbd5325dcafc05077d4d48022aa67b6d15c6e91c84abfe570ddd7b1af',35,1,1,NULL,NULL,NULL,'2020-06-17 08:47:34'),(41,'0720290778',NULL,'NICK','97d081a68ff7600fcd63d83568e8169bf243254dc88c63d9e7bb3cc532bc249e',1,4,4,NULL,NULL,NULL,'2020-05-01 19:19:08'),(42,'0734900327',NULL,'NICK','6df6d9eca239dc8c88f133633048fde0bbbb589ed021fd5d245690083f40f692',36,1,1,NULL,NULL,NULL,'2020-05-01 19:23:56'),(43,'0723111922',NULL,'TE','8d969eef6ecad3c29a3a629280e686cf0c3f5d5a86aff3ca12020c923adc6c92',37,1,1,NULL,NULL,NULL,'2020-06-26 20:29:51'),(44,'0720569565',NULL,'ESTHER','a8e8a34b1371f8344f50d03a9187966fbfad397daa185b96e3229b0a77b4a779',33,1,1,NULL,NULL,NULL,'2020-06-27 15:30:45'),(45,'0717542332',NULL,'BEN','165171ca36e37e0a00b2cb5280be0d10422461eafa88b108f68ec0b34065313c',33,1,1,NULL,NULL,NULL,'2020-06-27 15:26:34');
/*!40000 ALTER TABLE `users` ENABLE KEYS */;
UNLOCK TABLES;
/*!40103 SET TIME_ZONE=@OLD_TIME_ZONE */;

/*!40101 SET SQL_MODE=@OLD_SQL_MODE */;
/*!40014 SET FOREIGN_KEY_CHECKS=@OLD_FOREIGN_KEY_CHECKS */;
/*!40014 SET UNIQUE_CHECKS=@OLD_UNIQUE_CHECKS */;
/*!40101 SET CHARACTER_SET_CLIENT=@OLD_CHARACTER_SET_CLIENT */;
/*!40101 SET CHARACTER_SET_RESULTS=@OLD_CHARACTER_SET_RESULTS */;
/*!40101 SET COLLATION_CONNECTION=@OLD_COLLATION_CONNECTION */;
/*!40111 SET SQL_NOTES=@OLD_SQL_NOTES */;

-- Dump completed on 2020-06-27 18:43:46
